<root>
  <person
  firstname="Dennie"
  lastname="Prouty"
  city="Samara"
  country="Mongolia"
  firstname2="Janis"
  lastname2="Standing"
  email="Janis.Standing@yopmail.com"
  />
  <random>53</random>
  <random_float>4.597</random_float>
  <bool>false</bool>
  <date>1993-01-29</date>
  <regEx>hellooooooooooooooooooooooooooooooo to you</regEx>
  <enum>generator</enum>
  <elt>Charlena</elt><elt>Philis</elt><elt>Lexine</elt><elt>Bobinette</elt><elt>Candy</elt>  
  <Janis>
    <age>29</age>
  </Janis>
</root>
