<root>
  <person
  firstname="Nonnah"
  lastname="Waite"
  city="Minsk"
  country="France"
  firstname2="Myriam"
  lastname2="Kronfeld"
  email="Myriam.Kronfeld@yopmail.com"
  />
  <random>22</random>
  <random_float>17.059</random_float>
  <bool>true</bool>
  <date>1998-12-11</date>
  <regEx>hellooooooooooooooooooooooooooooooooooooooooo to you</regEx>
  <enum>generator</enum>
  <elt>Jaime</elt><elt>Kimberley</elt><elt>Caryl</elt><elt>Basia</elt><elt>Thalia</elt>  
  <Myriam>
    <age>56</age>
  </Myriam>
</root>
