<root>
  <person
  firstname="Nita"
  lastname="Albertine"
  city="Shijiazhuang"
  country="AndorrA"
  firstname2="Sandie"
  lastname2="Gladstone"
  email="Sandie.Gladstone@yopmail.com"
  />
  <random>70</random>
  <random_float>43.563</random_float>
  <bool>true</bool>
  <date>1988-03-25</date>
  <regEx>helloooooooooooooooooooooooooo to you</regEx>
  <enum>generator</enum>
  <elt>Drucie</elt><elt>Lonnie</elt><elt>Malina</elt><elt>Clo</elt><elt>Penelopa</elt>  
  <Sandie>
    <age>20</age>
  </Sandie>
</root>
