<root>
  <person
  firstname="Dianemarie"
  lastname="Bluh"
  city="San Antonio"
  country="South Georgia and the South Sandwich Islands"
  firstname2="Kaja"
  lastname2="Abernon"
  email="Kaja.Abernon@yopmail.com"
  />
  <random>55</random>
  <random_float>53.123</random_float>
  <bool>false</bool>
  <date>1985-01-26</date>
  <regEx>helloooooooooooooooooooooooooooooooooooooooooo to you</regEx>
  <enum>online</enum>
  <elt>Catrina</elt><elt>Merry</elt><elt>Corene</elt><elt>Bertine</elt><elt>Romona</elt>  
  <Kaja>
    <age>69</age>
  </Kaja>
</root>
