<root>
  <person
  firstname="Aurelie"
  lastname="Joni"
  city="Belgrade"
  country="Indonesia"
  firstname2="Felice"
  lastname2="Marden"
  email="Felice.Marden@yopmail.com"
  />
  <random>46</random>
  <random_float>12.309</random_float>
  <bool>true</bool>
  <date>1998-10-09</date>
  <regEx>helloooooooooooooooooooooooo to you</regEx>
  <enum>generator</enum>
  <elt>Atlanta</elt><elt>Chloris</elt><elt>Libbie</elt><elt>Letizia</elt><elt>Carly</elt>  
  <Felice>
    <age>71</age>
  </Felice>
</root>
