<root>
  <person
  firstname="Cam"
  lastname="Jacqui"
  city="Dublin"
  country="Solomon Islands"
  firstname2="Antonietta"
  lastname2="Wind"
  email="Antonietta.Wind@yopmail.com"
  />
  <random>5</random>
  <random_float>96.969</random_float>
  <bool>false</bool>
  <date>1988-07-10</date>
  <regEx>hellooooooooooooooooooooooooooooooooooooooooooooooooooooooooooooooooooooooooooooooooooooooooooooo world</regEx>
  <enum>online</enum>
  <elt>Lonnie</elt><elt>Mildrid</elt><elt>Hollie</elt><elt>Berta</elt><elt>Emylee</elt>  
  <Antonietta>
    <age>95</age>
  </Antonietta>
</root>
