<root>
  <person
  firstname="Vinita"
  lastname="Lubin"
  city="Dubai"
  country="Jamaica"
  firstname2="Meriel"
  lastname2="Whiffen"
  email="Meriel.Whiffen@yopmail.com"
  />
  <random>31</random>
  <random_float>60.803</random_float>
  <bool>true</bool>
  <date>1988-01-27</date>
  <regEx>helloooooooooooooooooooooooooooooooooooooooooooooooooooooooooooooooooooooooooooooooooooooooooooooooo world</regEx>
  <enum>generator</enum>
  <elt>Mathilda</elt><elt>Rhoda</elt><elt>Juliane</elt><elt>Mamie</elt><elt>Tamqrah</elt>  
  <Meriel>
    <age>46</age>
  </Meriel>
</root>
