<root>
  <person
  firstname="Lory"
  lastname="Orpah"
  city="Santa Cruz de Tenerife"
  country="Turks and Caicos Islands"
  firstname2="Rosene"
  lastname2="Fink"
  email="Rosene.Fink@yopmail.com"
  />
  <random>63</random>
  <random_float>12.151</random_float>
  <bool>false</bool>
  <date>1991-01-16</date>
  <regEx>hellooooooooooooooooooooooooooooooooooooooooooooooooooooooooooooooooo world</regEx>
  <enum>generator</enum>
  <elt>Melodie</elt><elt>Tarra</elt><elt>Bobinette</elt><elt>Veda</elt><elt>Jerry</elt>  
  <Rosene>
    <age>78</age>
  </Rosene>
</root>
