<root>
  <person
  firstname="Nikki"
  lastname="Nelsen"
  city="Auckland"
  country="Bosnia and Herzegovina"
  firstname2="Ariela"
  lastname2="Remmer"
  email="Ariela.Remmer@yopmail.com"
  />
  <random>68</random>
  <random_float>35.811</random_float>
  <bool>false</bool>
  <date>1988-04-06</date>
  <regEx>helloooooooooooooooooooooooooooooooooooooooo world</regEx>
  <enum>xml</enum>
  <elt>Tracey</elt><elt>Dania</elt><elt>Elfreda</elt><elt>Clementine</elt><elt>Annecorinne</elt>  
  <Ariela>
    <age>43</age>
  </Ariela>
</root>
