<root>
  <person
  firstname="Feliza"
  lastname="Regan"
  city="Majuro"
  country="Mozambique"
  firstname2="Jeanna"
  lastname2="Fry"
  email="Jeanna.Fry@yopmail.com"
  />
  <random>6</random>
  <random_float>79.953</random_float>
  <bool>true</bool>
  <date>1988-03-07</date>
  <regEx>helloooooooooooooooooooooooooooooooooooooooooooooooooooooooooooooooooo to you</regEx>
  <enum>xml</enum>
  <elt>Shauna</elt><elt>Esmeralda</elt><elt>Jinny</elt><elt>Claudina</elt><elt>Kerrin</elt>  
  <Jeanna>
    <age>58</age>
  </Jeanna>
</root>
