<root>
  <person
  firstname="Beverley"
  lastname="Tound"
  city="Kinshasa"
  country="Suriname"
  firstname2="Elise"
  lastname2="Wildermuth"
  email="Elise.Wildermuth@yopmail.com"
  />
  <random>29</random>
  <random_float>100.561</random_float>
  <bool>false</bool>
  <date>1985-08-26</date>
  <regEx>helloooooooooooooooooooooooooooooooooooooooooo world</regEx>
  <enum>xml</enum>
  <elt>Mallory</elt><elt>Beatriz</elt><elt>Cyb</elt><elt>Giustina</elt><elt>Shauna</elt>  
  <Elise>
    <age>21</age>
  </Elise>
</root>
