<root>
  <person
  firstname="Jenilee"
  lastname="Ehrman"
  city="Thimphu"
  country="Isle of Man"
  firstname2="Marsiella"
  lastname2="Matthew"
  email="Marsiella.Matthew@yopmail.com"
  />
  <random>82</random>
  <random_float>38.264</random_float>
  <bool>false</bool>
  <date>1989-05-16</date>
  <regEx>helloooooooooooooooooooooooooooooooooooooooooooooooooooooooooooooooooooooooo world</regEx>
  <enum>generator</enum>
  <elt>Laure</elt><elt>Kirbee</elt><elt>Hollie</elt><elt>Claudina</elt><elt>Sadie</elt>  
  <Marsiella>
    <age>97</age>
  </Marsiella>
</root>
