<root>
  <person
  firstname="Elise"
  lastname="Ciro"
  city="Ashgabat"
  country="Kiribati"
  firstname2="Madeleine"
  lastname2="Ulphia"
  email="Madeleine.Ulphia@yopmail.com"
  />
  <random>81</random>
  <random_float>21.805</random_float>
  <bool>true</bool>
  <date>1990-05-12</date>
  <regEx>helloooooooooooooooooooooooooooooooooooooooooooooooooooooooooooooooooooooo to you</regEx>
  <enum>online</enum>
  <elt>Nananne</elt><elt>Shaylyn</elt><elt>Oralee</elt><elt>Ermengarde</elt><elt>Nadine</elt>  
  <Madeleine>
    <age>20</age>
  </Madeleine>
</root>
