<root>
  <person
  firstname="Meghann"
  lastname="Willie"
  city="Porto Velho"
  country="Venezuela"
  firstname2="Wileen"
  lastname2="Waite"
  email="Wileen.Waite@yopmail.com"
  />
  <random>23</random>
  <random_float>84.379</random_float>
  <bool>true</bool>
  <date>1994-05-12</date>
  <regEx>helloooooooooooooooooooooooooooooooooooooooooooooooooooooooooooooo to you</regEx>
  <enum>generator</enum>
  <elt>Kathy</elt><elt>Laurene</elt><elt>Merle</elt><elt>Bettine</elt><elt>Addia</elt>  
  <Wileen>
    <age>39</age>
  </Wileen>
</root>
