<root>
  <person
  firstname="Cyndie"
  lastname="Reidar"
  city="Forked River"
  country="Bahrain"
  firstname2="Sherrie"
  lastname2="Hortensia"
  email="Sherrie.Hortensia@yopmail.com"
  />
  <random>70</random>
  <random_float>84.79</random_float>
  <bool>true</bool>
  <date>1981-06-09</date>
  <regEx>helloooooooooooooooooooooooooooooooooooooooooooooooooooooooooooooooooooooooooooooooo world</regEx>
  <enum>generator</enum>
  <elt>Jinny</elt><elt>Frieda</elt><elt>Veda</elt><elt>Barbara</elt><elt>Tina</elt>  
  <Sherrie>
    <age>19</age>
  </Sherrie>
</root>
