<root>
  <person
  firstname="Zondra"
  lastname="Isacco"
  city="Bangalore"
  country="Guernsey"
  firstname2="Bobinette"
  lastname2="Mandler"
  email="Bobinette.Mandler@yopmail.com"
  />
  <random>60</random>
  <random_float>85.867</random_float>
  <bool>true</bool>
  <date>1994-08-29</date>
  <regEx>hellooooooooooooooooooooooooooooooooooooooooooooooooooooooooooooooooooooooo to you</regEx>
  <enum>generator</enum>
  <elt>Constance</elt><elt>Rayna</elt><elt>Bobinette</elt><elt>Aili</elt><elt>Elie</elt>  
  <Bobinette>
    <age>56</age>
  </Bobinette>
</root>
