<root>
  <person
  firstname="Glynnis"
  lastname="Deegan"
  city="Barranquilla"
  country="Malaysia"
  firstname2="Ofilia"
  lastname2="Hourigan"
  email="Ofilia.Hourigan@yopmail.com"
  />
  <random>6</random>
  <random_float>53.533</random_float>
  <bool>false</bool>
  <date>1988-07-18</date>
  <regEx>helloooooooooooooooooooooooooooooooooooooooooooooooooooooooooooooooooooooooooooooooooooooooooooooooooo to you</regEx>
  <enum>xml</enum>
  <elt>Emilia</elt><elt>Maud</elt><elt>Berget</elt><elt>Libbie</elt><elt>Celestyna</elt>  
  <Ofilia>
    <age>38</age>
  </Ofilia>
</root>
