<root>
  <person
  firstname="Roslyn"
  lastname="Lamoree"
  city="Chuí"
  country="Turkey"
  firstname2="Starla"
  lastname2="Nelsen"
  email="Starla.Nelsen@yopmail.com"
  />
  <random>76</random>
  <random_float>37.391</random_float>
  <bool>false</bool>
  <date>1986-06-29</date>
  <regEx>helloooooooooooooooooooooooooooooooooooooo to you</regEx>
  <enum>online</enum>
  <elt>Mathilda</elt><elt>Tersina</elt><elt>Jacenta</elt><elt>Chickie</elt><elt>Agathe</elt>  
  <Starla>
    <age>49</age>
  </Starla>
</root>
