<root>
  <person
  firstname="Valli"
  lastname="Aloise"
  city="Vancouver"
  country="Turks and Caicos Islands"
  firstname2="Ruthe"
  lastname2="Bow"
  email="Ruthe.Bow@yopmail.com"
  />
  <random>69</random>
  <random_float>49.82</random_float>
  <bool>true</bool>
  <date>1999-04-29</date>
  <regEx>hellooooooooooooooooooooooooooooooooooooooo to you</regEx>
  <enum>xml</enum>
  <elt>Glynnis</elt><elt>Dagmar</elt><elt>Roseline</elt><elt>Miquela</elt><elt>Barbi</elt>  
  <Ruthe>
    <age>96</age>
  </Ruthe>
</root>
