<root>
  <person
  firstname="Cam"
  lastname="McClimans"
  city="Agartala"
  country="Kuwait"
  firstname2="Taffy"
  lastname2="Noam"
  email="Taffy.Noam@yopmail.com"
  />
  <random>53</random>
  <random_float>32.191</random_float>
  <bool>false</bool>
  <date>1982-04-02</date>
  <regEx>helloooooooooooooooooooooooooooooooooooooooooooooooooooooooooooooooooooooooooooooooo world</regEx>
  <enum>xml</enum>
  <elt>Janis</elt><elt>Jacquetta</elt><elt>Darlleen</elt><elt>Dolli</elt><elt>Anallese</elt>  
  <Taffy>
    <age>90</age>
  </Taffy>
</root>
