<root>
  <person
  firstname="Alyssa"
  lastname="Pond"
  city="Tamale"
  country="Moldova, Republic of"
  firstname2="Gwyneth"
  lastname2="Ingra"
  email="Gwyneth.Ingra@yopmail.com"
  />
  <random>60</random>
  <random_float>70.182</random_float>
  <bool>true</bool>
  <date>1988-01-18</date>
  <regEx>helloooooooooooooooooooooooooooooooooooooooooooooooooooooooooooooooooooooooooooooooooooooooooooooooooo to you</regEx>
  <enum>generator</enum>
  <elt>Tersina</elt><elt>Cristine</elt><elt>Ginnie</elt><elt>Gerrie</elt><elt>Aubrie</elt>  
  <Gwyneth>
    <age>92</age>
  </Gwyneth>
</root>
