<root>
  <person
  firstname="Sabina"
  lastname="Verger"
  city="Whitehorse"
  country="Congo, The Democratic Republic of the"
  firstname2="Millie"
  lastname2="Yoko"
  email="Millie.Yoko@yopmail.com"
  />
  <random>51</random>
  <random_float>73.607</random_float>
  <bool>false</bool>
  <date>1988-11-05</date>
  <regEx>helloooooooooooooooooooooooooooooooooooooooooooooooooooooooooooooooooo to you</regEx>
  <enum>xml</enum>
  <elt>Henriette</elt><elt>Dulce</elt><elt>Edee</elt><elt>Robinia</elt><elt>Tani</elt>  
  <Millie>
    <age>75</age>
  </Millie>
</root>
