<root>
  <person
  firstname="Annora"
  lastname="Wenoa"
  city="Kaliningrad"
  country="United Kingdom"
  firstname2="Cecile"
  lastname2="Earlie"
  email="Cecile.Earlie@yopmail.com"
  />
  <random>15</random>
  <random_float>8.374</random_float>
  <bool>true</bool>
  <date>1992-07-18</date>
  <regEx>helloooooooooooooooooo to you</regEx>
  <enum>generator</enum>
  <elt>Mary</elt><elt>Mathilda</elt><elt>Melodie</elt><elt>Courtnay</elt><elt>Penelopa</elt>  
  <Cecile>
    <age>76</age>
  </Cecile>
</root>
