<root>
  <person
  firstname="Elsie"
  lastname="Dielu"
  city="Assis"
  country="Thailand"
  firstname2="Tobe"
  lastname2="Yerkovich"
  email="Tobe.Yerkovich@yopmail.com"
  />
  <random>65</random>
  <random_float>63.559</random_float>
  <bool>false</bool>
  <date>1997-01-12</date>
  <regEx>helloooooooooooooooooooooooooooooooooooooo to you</regEx>
  <enum>generator</enum>
  <elt>Eugine</elt><elt>Keelia</elt><elt>Sissy</elt><elt>Heddie</elt><elt>Pamella</elt>  
  <Tobe>
    <age>23</age>
  </Tobe>
</root>
