<root>
  <person
  firstname="Consuela"
  lastname="Shelba"
  city="Xining"
  country="Finland"
  firstname2="Hannis"
  lastname2="Hedve"
  email="Hannis.Hedve@yopmail.com"
  />
  <random>25</random>
  <random_float>93.772</random_float>
  <bool>true</bool>
  <date>1988-12-17</date>
  <regEx>helloooooooooooooooooooooooooooooooooooooooooooooooooooooooooooooooooooooo world</regEx>
  <enum>online</enum>
  <elt>Merry</elt><elt>Chere</elt><elt>Berget</elt><elt>Nita</elt><elt>Tiffie</elt>  
  <Hannis>
    <age>30</age>
  </Hannis>
</root>
