<root>
  <person
  firstname="Ardenia"
  lastname="Schlosser"
  city="Honolulu"
  country="Greece"
  firstname2="Alejandra"
  lastname2="Avi"
  email="Alejandra.Avi@yopmail.com"
  />
  <random>48</random>
  <random_float>41.969</random_float>
  <bool>false</bool>
  <date>1993-10-28</date>
  <regEx>hellooooooooooooooooooooooooooooooooooooooooooooooooooooooooooooooooooooooooooooooooooooooooooooooo to you</regEx>
  <enum>generator</enum>
  <elt>Dotty</elt><elt>Jerry</elt><elt>Desirae</elt><elt>Nicoli</elt><elt>Mireielle</elt>  
  <Alejandra>
    <age>50</age>
  </Alejandra>
</root>
