<root>
  <person
  firstname="Justinn"
  lastname="Septima"
  city="Tbilisi"
  country="Eritrea"
  firstname2="Margarette"
  lastname2="Stover"
  email="Margarette.Stover@yopmail.com"
  />
  <random>48</random>
  <random_float>85.227</random_float>
  <bool>true</bool>
  <date>1981-06-10</date>
  <regEx>hellooooooooooooooooooooooooooooooooooooooooooooooooooooooooooo to you</regEx>
  <enum>generator</enum>
  <elt>Misha</elt><elt>Maisey</elt><elt>Sissy</elt><elt>Abbie</elt><elt>Willetta</elt>  
  <Margarette>
    <age>77</age>
  </Margarette>
</root>
