<root>
  <person
  firstname="Tybie"
  lastname="Barbey"
  city="Milan"
  country="Mayotte"
  firstname2="Katharina"
  lastname2="Lamoree"
  email="Katharina.Lamoree@yopmail.com"
  />
  <random>55</random>
  <random_float>96.957</random_float>
  <bool>false</bool>
  <date>1980-05-24</date>
  <regEx>helloooooooooooooooooooooooooooooooooooooooooooooooooooooooo world</regEx>
  <enum>online</enum>
  <elt>Silvana</elt><elt>Melisent</elt><elt>Britni</elt><elt>Krystle</elt><elt>Raina</elt>  
  <Katharina>
    <age>68</age>
  </Katharina>
</root>
