<root>
  <person
  firstname="Marsiella"
  lastname="Thomasina"
  city="Mwanza"
  country="El Salvador"
  firstname2="Sonni"
  lastname2="Tufts"
  email="Sonni.Tufts@yopmail.com"
  />
  <random>78</random>
  <random_float>53.336</random_float>
  <bool>false</bool>
  <date>1981-01-19</date>
  <regEx>helloooooooooooooooooooooooooooooooo world</regEx>
  <enum>online</enum>
  <elt>Jany</elt><elt>Sharai</elt><elt>Kirbee</elt><elt>Sam</elt><elt>Constance</elt>  
  <Sonni>
    <age>35</age>
  </Sonni>
</root>
