<root>
  <person
  firstname="Carmela"
  lastname="Leopold"
  city="Ibadan"
  country="Korea, Republic of"
  firstname2="Yolane"
  lastname2="Clarissa"
  email="Yolane.Clarissa@yopmail.com"
  />
  <random>28</random>
  <random_float>98.454</random_float>
  <bool>false</bool>
  <date>1991-01-26</date>
  <regEx>hellooooooooooooooooooooooooooooooooooooooooooooooooooooooooooooooooooooooooo to you</regEx>
  <enum>generator</enum>
  <elt>Feliza</elt><elt>Sheree</elt><elt>Lucille</elt><elt>Kelly</elt><elt>Florie</elt>  
  <Yolane>
    <age>29</age>
  </Yolane>
</root>
