<root>
  <person
  firstname="Theodora"
  lastname="Shaver"
  city="Calgary"
  country="Congo, The Democratic Republic of the"
  firstname2="Annice"
  lastname2="Desai"
  email="Annice.Desai@yopmail.com"
  />
  <random>23</random>
  <random_float>51.998</random_float>
  <bool>true</bool>
  <date>1992-02-02</date>
  <regEx>helloooooooooooooo to you</regEx>
  <enum>online</enum>
  <elt>Lizzie</elt><elt>Mallory</elt><elt>Darci</elt><elt>Merry</elt><elt>Mignon</elt>  
  <Annice>
    <age>44</age>
  </Annice>
</root>
