<root>
  <person
  firstname="Lanae"
  lastname="Fry"
  city="Novosibirsk"
  country="Gibraltar"
  firstname2="Nicoli"
  lastname2="Idelia"
  email="Nicoli.Idelia@yopmail.com"
  />
  <random>27</random>
  <random_float>69.792</random_float>
  <bool>false</bool>
  <date>1988-07-30</date>
  <regEx>helloooooooooooooooooooooooooooooooooooooooooooooooooooooooooooooooooooooooooo to you</regEx>
  <enum>generator</enum>
  <elt>Morganica</elt><elt>Deirdre</elt><elt>Corene</elt><elt>Kore</elt><elt>Violet</elt>  
  <Nicoli>
    <age>69</age>
  </Nicoli>
</root>
