<root>
  <person
  firstname="Elie"
  lastname="Leopold"
  city="Brisbane"
  country="Virgin Islands, U.S."
  firstname2="Sophia"
  lastname2="Vary"
  email="Sophia.Vary@yopmail.com"
  />
  <random>39</random>
  <random_float>58.883</random_float>
  <bool>true</bool>
  <date>1996-09-25</date>
  <regEx>helloooooooooooooooooooooooooooooooooooooooooooooooooooooooooooooooooooooooooooooooooooooooooo to you</regEx>
  <enum>xml</enum>
  <elt>Giustina</elt><elt>Julieta</elt><elt>Annecorinne</elt><elt>Deane</elt><elt>Alie</elt>  
  <Sophia>
    <age>36</age>
  </Sophia>
</root>
