<root>
  <person
  firstname="Teriann"
  lastname="Granoff"
  city="Kinshasa"
  country="Bahrain"
  firstname2="Sabina"
  lastname2="Syd"
  email="Sabina.Syd@yopmail.com"
  />
  <random>53</random>
  <random_float>91.831</random_float>
  <bool>false</bool>
  <date>1980-05-07</date>
  <regEx>helloooooooooooooooooooooooooooooooooooooooooooo world</regEx>
  <enum>generator</enum>
  <elt>Marika</elt><elt>Valeda</elt><elt>Cherrita</elt><elt>Sindee</elt><elt>Dari</elt>  
  <Sabina>
    <age>36</age>
  </Sabina>
</root>
