<root>
  <person
  firstname="Kathy"
  lastname="Tufts"
  city="Serekunda"
  country="Congo, The Democratic Republic of the"
  firstname2="Averyl"
  lastname2="Colleen"
  email="Averyl.Colleen@yopmail.com"
  />
  <random>50</random>
  <random_float>79.405</random_float>
  <bool>false</bool>
  <date>1989-07-12</date>
  <regEx>hellooooooooooooooooooo to you</regEx>
  <enum>generator</enum>
  <elt>Alex</elt><elt>Shell</elt><elt>Brana</elt><elt>Joceline</elt><elt>Dianemarie</elt>  
  <Averyl>
    <age>36</age>
  </Averyl>
</root>
