<root>
  <person
  firstname="Janeczka"
  lastname="Redmond"
  city="Chongqing"
  country="Romania"
  firstname2="Merci"
  lastname2="Koehler"
  email="Merci.Koehler@yopmail.com"
  />
  <random>82</random>
  <random_float>60.652</random_float>
  <bool>true</bool>
  <date>1991-02-06</date>
  <regEx>helloooooooooooooooooooooooooooooooooooooooooooooooooooooooooooooooooooooooooooo to you</regEx>
  <enum>xml</enum>
  <elt>Vita</elt><elt>Goldie</elt><elt>Cam</elt><elt>Ebonee</elt><elt>Jere</elt>  
  <Merci>
    <age>80</age>
  </Merci>
</root>
